{
  "source_image": "calib.jpg",
  "tag_size_m": 0.1,
  "landmark_ids": {
    "wrist": 0,
    "thumb_cmc": 1,
    "index_mcp": 5,
    "middle_mcp": 9,
    "ring_mcp": 13,
    "pinky_mcp": 17
  },
  "measurements_mm": {
    "palm_width_mm": 62.33064457774162,
    "palm_length_mm": 93.60367059707642,
    "thumb_index_base_mm": 69.98860090970993
  },
  "palm_template_m": {
    "wrist": [
      0.0,
      0.0,
      0.0
    ],
    "thumb_cmc": [
      -0.04035960137844086,
      -0.020413294434547424,
      0.0
    ],
    "index_mcp": [
      -0.036166295409202576,
      -0.09027616679668427,
      0.0
    ],
    "middle_mcp": [
      -0.012764573097229004,
      -0.09272924810647964,
      0.0
    ],
    "ring_mcp": [
      0.007133975625038147,
      -0.08705724030733109,
      0.0
    ],
    "pinky_mcp": [
      0.02465216815471649,
      -0.07662978023290634,
      0.0
    ]
  }
}